ingenio,zafra,cana_molida_bruta,cana_molida_neta,superficie_cosechada,azucar_producida_total,azucar_producida_refinada,azucar_producida_estandar,azucar_producida_blanca_especial,azucar_producida_mascabado,rendimiento_campo,rendimiento_fabrica,rendimiento_agroindustrial,eficiencia_extraccion,anio_inicio
Adolfo López Mateos,2025-2026,58826.0,56463.691,883.141,4564.34,0.0,0.0,0.0,0.0,66.609975,7.759,8.08367274466701,95.9842433617788,2025
Alianza Popular,2025-2026,158690.0,152213.427,2298.01,15711.325,0.0,15711.325,0.0,0.0,69.0554,9.9006,10.321904781764097,95.91872644779129,2025
Atencingo,2025-2026,489262.3,481923.481,4126.324,57437.5,0.0,57437.5,0.0,0.0,118.570984,11.7396,11.918385856778785,98.50002360696911,2025
Bellavista,2025-2026,112282.83,108803.759,1236.22,10062.9,0.0,10062.9,0.0,0.0,90.827546,8.9621,9.24866943245959,96.90151112151342,2025
Central Casasano,2025-2026,143773.362,143624.124,1313.57,17187.0,0.0,17187.0,0.0,0.0,109.452379,11.9542,11.966652621672386,99.89619913040639,2025
Central El Potrero,2025-2026,136611.498,132747.622,1770.667,9360.0,9360.0,0.0,0.0,0.0,77.152563,6.8515,7.0509737643360575,97.17163192222664,2025
Central La Providencia,2025-2026,115937.41,112470.297,1636.9,8753.73,0.0,8753.73,0.0,0.0,70.827423,7.5503,7.78314829203305,97.00949589955476,2025
Central Motzorongo,2025-2026,68208.0,65862.029,1048.49,2536.055,0.0,776.575,0.0,0.0,65.053553,3.7181,3.850557048584094,96.56056327703494,2025
Central San Miguelito,2025-2026,30690.93,29419.353,340.38,2178.125,0.0,2178.125,0.0,0.0,90.166666,7.0969,7.403714826767264,95.85683131791704,2025
Constancia,2025-2026,62119.18,59268.859,1325.34,3027.0,0.0,3027.0,0.0,0.0,46.870372,4.8728,5.107235150249814,95.41152829126204,2025
Cía. La Fe (Pujiltic),2025-2026,462704.0,455763.0,4621.75,54229.98,0.0,54229.98,0.0,0.0,100.114458,11.7202,11.89872367875409,98.49990490680868,2025
El Higo,2025-2026,122212.0,111122.309,1537.68,9346.361201,0.0,9346.361201,0.0,0.0,79.478174,7.6476,8.410877424262306,90.92585752626583,2025
El Mante,2025-2026,295519.96,269569.52,3468.633,25814.236,4340.0,21474.236,0.0,0.0,85.197817,8.7351,9.576095991861393,91.21871835662134,2025
El Modelo,2025-2026,104800.255,100716.999,1203.002,7141.745,0.0,7141.745,0.0,0.0,87.115611,6.8146,7.090903294288981,96.10377283910235,2025
El Molino,2025-2026,142945.93,0.0,1796.05,13265.2,0.0,13265.2,0.0,0.0,79.589059,9.2798,0.0,0.0,2025
Emiliano Zapata,2025-2026,234669.28,234669.28,2177.81,28845.95,0.0,28845.95,0.0,0.0,107.754707,12.2921,12.292171348546347,100.0,2025
Huixtla,2025-2026,267090.0,235389.787,2715.032,21903.73,0.0,6742.5,0.0,0.0,98.374531,8.2008,9.305301763155935,88.13126174697668,2025
José María Morelos,2025-2026,90943.55,84270.626,1045.448,7820.3,0.0,7820.3,0.0,0.0,86.990027,8.599,9.279983276735122,92.6625648547918,2025
La Gloria,2025-2026,154192.19,149366.625,1665.16,10931.833,0.0,10931.833,0.0,0.0,92.599023,7.0897,7.3187922670141345,96.87042190658295,2025
La Joya,2025-2026,103008.586,95974.172,1425.836,8291.5,0.0,8291.5,0.0,0.0,72.244343,8.0493,8.63930349927895,93.17104110136995,2025
La Margarita,2025-2026,142568.5,136910.433,3338.29,13332.164,0.0,11084.175,0.0,0.0,42.707044,9.3514,9.737872934782116,96.03133441117778,2025
Lázaro Cárdenas - Siembra,2025-2026,42995.0,42072.19,525.451,3900.0,3633.0,267.0,0.0,0.0,81.824946,9.0708,9.269781297336792,97.85368066054193,2025
Mahuixtlán,2025-2026,103920.0,97684.8,1234.442,9687.0,0.0,9687.0,0.0,0.0,84.183785,9.3215,9.916588865412018,94.0,2025
Melchor Ocampo,2025-2026,351475.0,336669.924,3228.71,39661.683,0.0,39661.683,0.0,0.0,108.859265,11.2843,11.780583940726466,95.78772999502098,2025
Pedernales,2025-2026,52760.84,51705.623,608.6,4907.425,0.0,4907.425,0.0,0.0,86.692145,9.3012,9.491085718085246,97.99999962093099,2025
Plan de Ayala,2025-2026,78441.0,74722.919,1270.05,5202.45,5202.45,0.0,0.0,0.0,61.762135,6.6323,6.96232169409763,95.26002855649467,2025
Plan de San Luis,2025-2026,148388.79,141029.774,2002.0,12727.25,12727.25,0.0,0.0,0.0,74.120274,8.5769,9.024512795432829,95.04071972013519,2025
Puga,2025-2026,130506.822,125252.985,1887.87,10276.231,10276.231,0.0,0.0,0.0,69.129136,7.874,8.204380119164426,95.97428171226176,2025
Pánuco,2025-2026,292979.33,267828.145,3632.89,24846.92,0.0,23135.48,0.0,0.0,80.646353,8.4807,9.277187802648596,91.41537220390258,2025
Quesería,2025-2026,179504.0,174117.323,1861.743,17216.25,0.0,17216.25,0.0,0.0,96.417174,9.591,9.887729551183142,96.99913260985828,2025
San Cristóbal,2025-2026,71144.71,68625.499,999.785,4030.879,0.0,4030.879,0.0,0.0,71.160009,5.6657,5.873733610301326,96.4590325830269,2025
San Francisco Ameca,2025-2026,193825.0,187175.436,1801.77,18109.5,0.0,11713.5,6396.0,0.0,107.574773,9.3432,9.675147758170576,96.56929498258738,2025
San José de Abajo,2025-2026,42353.23,40887.269,628.477,2607.9,0.0,2607.9,0.0,0.0,67.390262,6.1574,6.378268991259847,96.53872679840474,2025
San Miguel del Naranjo,2025-2026,80828.2,75740.835,1388.8,6688.5,0.0,6688.5,0.0,0.0,58.200028,8.2749,8.8307714062038,93.70595287288349,2025
San Nicolás,2025-2026,14918.4,14057.129,209.0,702.725,0.0,0.0,0.0,0.0,71.379904,4.7104,4.999064887289574,94.22678705491207,2025
San Pedro,2025-2026,123502.0,119451.745,1514.8,7997.65,0.0,7997.65,0.0,0.0,81.530235,6.4757,6.695297753917282,96.72049440494891,2025
Santa Clara,2025-2026,64877.0,61988.4,814.45,5765.0,0.0,5765.0,0.0,0.0,79.657437,8.886,9.30012712055804,95.54757464124421,2025
Santa Rosalía,2025-2026,85205.62,82776.683,1252.103,7495.5,0.0,0.0,0.0,7495.5,68.050008,8.7969,9.055086201025958,97.14932301413923,2025
Tala - Siembra,2025-2026,338467.92,323553.678,3733.79,31382.0,13874.325,17023.175,484.5,0.0,90.649961,9.2717,9.699163425983368,95.59360248971306,2025
Tres Valles,2025-2026,229455.0,221493.702,3280.068,17970.35,17970.35,0.0,0.0,0.0,69.954342,7.8317,8.11325551820882,96.5303445119958,2025
aaron saenz garza,2015-2016,830024.85,755158.289,11461.0,85602.1,58094.9,27507.2,0.0,0.0,0.0,0.0,11.33564992226418,90.98020246020346,2015
aaron saenz garza,2016-2017,1006905.02,921405.2761,15898.25,101990.55,77319.3,24671.25,0.0,0.0,0.0,0.0,11.069021704726051,91.50865849293312,2016
aaron saenz garza,2017-2018,974656.5701,894857.2041,15712.0,110501.15,31305.1,79196.049,0.0,0.0,62.032622,11.3374,12.348467386049174,91.81256573360885,2017
aaron saenz garza,2018-2019,1026915.73,949266.5281,13371.0,111720.4,35949.05,75771.35,0.0,0.0,76.801714,10.8792,11.769128763405726,92.43860040005426,2018
aaron saenz garza,2019-2020,910254.22,836450.381,17885.75,94778.773,4129.9,67194.9,0.0,0.0,50.892706,10.4123,11.331069379954052,91.89195310734183,2019
adolfo lopez mateos,2015-2016,1702820.345,1615300.89,28410.99,189587.45,189587.45,0.0,0.0,0.0,0.0,0.0,11.736974279757874,94.86032362386413,2015
adolfo lopez mateos,2016-2017,1595032.89,1502738.745,29353.82,168650.1,168650.1,0.0,0.0,0.0,0.0,0.0,11.222848985636555,94.21365254731519,2016
adolfo lopez mateos,2017-2018,1486657.79,1411543.088,26052.15,158424.2,158424.2,0.0,0.0,0.0,57.064687,10.6563,11.22347602045004,94.94741140124789,2017
adolfo lopez mateos,2018-2019,1662190.0,1586240.613,26844.166,170462.6,170462.6,0.0,0.0,0.0,61.919971,10.2553,10.746326793235372,95.43076381159794,2018
adolfo lopez mateos,2019-2020,1579182.21,0.0,26567.53,150537.05,145453.35,5083.7,0.0,0.0,59.440309,9.5325,0.0,0.0,2019
adolfo lopez mateos,2020-2021,1446821.32,1374758.887,23249.96,139018.025,139018.025,0.0,0.0,0.0,62.228981,9.6085,10.112175037716268,95.01925828684914,2020
adolfo lopez mateos,2021-2022,1541843.647,1488425.748,23832.28,164544.95,96788.0,67756.95,0.0,0.0,64.695599,10.6719,11.054965302844252,96.53545292326258,2021
adolfo lopez mateos,2022-2023,1354059.43,1307537.444,23848.86,139172.161,100517.0,9741.9,0.0,0.0,56.776694,10.2781,10.643837515983213,96.56425818769269,2022
adolfo lopez mateos,2023-2024,1544384.02,1489318.171,24690.392,131034.15,109459.5,21574.65,0.0,0.0,62.55,8.4845,8.798264370333799,96.43444581872843,2023
adolfo lopez mateos,2024-2025,1237440.57,1179180.267,22800.51,121644.751,47229.184,28302.55,9577.25,0.0,54.272495,9.8303,10.316043645258864,95.29187062292615,2024
alianza popular,2015-2016,1174524.16,1127908.567,21636.27,140597.0,0.0,140597.0,0.0,0.0,0.0,0.0,12.465283455906226,96.03110820640761,2015
alianza popular,2016-2017,1250723.9,1199591.182,21150.33,149581.1,0.0,149581.1,0.0,0.0,0.0,0.0,12.469339742112243,95.91175014725472,2016
alianza popular,2017-2018,1141876.47,1109368.133,20651.12,140310.6,0.0,140310.6,0.0,0.0,55.293682,12.2877,12.647794345828755,97.1530776004168,2017
alianza popular,2018-2019,1063105.0,1021270.289,18862.91,127247.9,0.0,127247.9,0.0,0.0,56.359543,11.9694,12.459767151808329,96.06485615249669,2018
alianza popular,2019-2020,724835.119,694303.033,17750.15,80380.2,0.0,80380.2,0.0,0.0,40.835436,11.0894,11.577106274861974,95.7877198276316,2019
alianza popular,2020-2021,1186694.44,1132633.66,23082.95,150242.1,0.0,150242.1,0.0,0.0,51.409999,12.6605,13.26484505148823,95.44442291311317,2020
alianza popular,2021-2022,1314399.93,1262598.758,22134.52,167815.8,0.0,167815.8,0.0,0.0,59.382355,12.7674,13.29130089323278,96.05894896844677,2021
alianza popular,2022-2023,1047612.191,1001290.215,22186.58,127486.05,0.0,127486.05,0.0,0.0,47.218281,12.1692,12.732177753280052,95.57832789672071,2022
alianza popular,2023-2024,697680.56,666304.394,19585.82,78247.25,0.0,78247.25,0.0,0.0,35.621718,11.2153,11.74346900674949,95.50278912744822,2023
alianza popular,2024-2025,903067.584,861100.576,19211.48,108270.825,0.0,108270.825,0.0,0.0,47.006663,11.9892,12.573539957776081,95.3528386198834,2024
atencingo,2016-2017,1657918.88,1639804.283,15066.02,214529.55,0.0,214529.55,0.0,0.0,0.0,0.0,13.082631398395975,98.90738942547057,2016
atencingo,2017-2018,1583195.55,1563794.414,14421.89,198776.65,0.0,198776.65,0.0,0.0,109.777258,12.5554,12.711175345073203,98.7745584555237,2017
atencingo,2018-2019,1741926.46,1722764.857,15126.2,218235.7501,0.0,218235.7501,0.0,0.0,115.159554,12.5284,12.667761895261368,98.89997635147009,2018
atencingo,2019-2020,1676390.81,1650798.868,14733.25,208567.0,0.0,208567.0,0.0,0.0,113.782825,12.4414,12.634307185628623,98.47339046197706,2019
atencingo,2020-2021,1653086.49,1628290.583,14868.53,213308.0,0.0,213308.0,0.0,0.0,111.180223,12.9036,13.100118751961116,98.50002361340454,2020
atencingo,2021-2022,1755622.0,1729288.047,15376.1,227854.8,0.0,227854.8,0.0,0.0,114.178627,12.9785,13.176220144196717,98.5000214738708,2021
atencingo,2022-2023,1593725.82,1569820.208,15747.8,201705.5,0.0,201705.5,0.0,0.0,101.203077,12.6562,12.848955502807492,98.50001727398757,2022
atencingo,2023-2024,1541658.66,1518534.059,15816.76,190206.525,0.0,190206.525,0.0,0.0,97.46994,12.3377,12.525667361406216,98.50001809090476,2023
atencingo,2024-2025,1718126.56,1688160.243,17144.32,219154.425,0.0,219154.425,0.0,0.0,100.215497,12.7554,12.981849673852317,98.25587254759625,2024
atencingo ,2015-2016,1810879.04,1790833.062,15382.38,228796.85,0.0,228796.85,0.0,0.0,0.0,0.0,12.776001005056273,98.89302501397331,2015
azsuremex,2016-2017,155983.31,155983.31,3430.61,13832.15,0.0,13832.15,0.0,0.0,0.0,0.0,8.867711551960271,100.0,2016
azsuremex,2017-2018,151209.07,151209.07,2760.88,10024.05,0.0,10024.05,0.0,0.0,54.768432,6.6292,6.629265030199577,100.0,2017
azsuremex - tenosique,2015-2016,131269.08,131269.08,3545.6,11220.35,0.0,11220.35,0.0,0.0,0.0,0.0,8.54759551906664,100.0,2015
bellavista,2015-2016,706574.477,685683.927,8278.0,84844.4,0.0,84844.4,0.0,0.0,0.0,0.0,12.373689488568104,97.04340438552241,2015
bellavista,2016-2017,601164.764,585482.343,7724.83,70612.85,0.0,70612.85,0.0,0.0,0.0,0.0,12.060628444946973,97.39132731338859,2016
bellavista,2017-2018,572374.522,559063.918,7222.6,65810.05,0.0,65810.05,0.0,0.0,79.247711,11.4977,11.771471540397284,97.67449397406965,2017
bellavista,2018-2019,696532.348,680307.494,7970.32,78875.75,0.0,78875.75,0.0,0.0,87.390763,11.324,11.59413216753423,97.67062448045843,2018
bellavista,2019-2020,670415.0,654101.505,7322.53,77127.2,0.0,77127.2,0.0,0.0,91.555104,11.5043,11.791319758544203,97.56665721978179,2019
bellavista,2020-2021,644660.021,628925.703,8259.16,70197.5,0.0,70197.5,0.0,0.0,78.053945,10.889,11.161493267830398,97.55928435338788,2020
bellavista,2021-2022,654139.51,637897.939,7811.28,75691.45,0.0,75691.45,0.0,0.0,83.742934,11.5711,11.865761804883334,97.51710900324612,2021
bellavista,2022-2023,596450.58,581895.58,7974.16,65731.3,0.0,65731.3,0.0,0.0,74.797919,11.0204,11.29606449322059,97.55973076595885,2022
bellavista,2023-2024,572003.02,558066.48,7329.0,66246.75,0.0,66246.75,0.0,0.0,78.04653,11.5815,11.87076313918729,97.56355482179096,2023
bellavista,2024-2025,588500.21,572223.985,7348.64,68019.875,0.0,68019.875,0.0,0.0,80.082873,11.5581,11.886931827927485,97.2342873080708,2024
calipam,2016-2017,116121.074,114526.042,1672.2,10783.308,0.0,10783.308,0.0,0.0,0.0,0.0,9.415594751803264,98.62640609059471,2016
calipam,2017-2018,150764.89,147756.882,1919.99,14376.672,0.0,14376.672,0.0,0.0,78.523789,9.5358,9.729950852644548,98.00483521063823,2017
calipam,2018-2019,170266.46,166861.136,2270.8,15350.045,0.0,15350.045,0.0,0.0,74.980826,9.0153,9.199293117601693,98.0000030540366,2018
calipam,2019-2020,103825.33,102786.78,1863.65,8654.062,0.0,8654.062,0.0,0.0,55.710745,8.3352,8.419430981299346,98.99971423158492,2019
calipam,2020-2021,100183.261,99192.943,1530.0,8327.05,0.0,8327.05,0.0,0.0,65.479255,8.3118,8.394800827716141,99.01149354681118,2020
calipam,2021-2022,129484.76,128189.977,1518.69,12221.3,0.0,12221.3,0.0,0.0,85.260823,9.4384,9.533740691754707,99.00004989004113,2021
calipam,2022-2023,115005.7,113855.259,1533.86,10034.7,0.0,10034.7,0.0,0.0,74.977964,8.7253,8.813558625342024,98.99966610350617,2022
calipam,2023-2024,77788.34,76232.574,1228.39,6249.8,0.0,6249.8,0.0,0.0,63.325442,8.0343,8.198332644520177,98.00000102843175,2023
central casasano,2015-2016,589189.9,589189.9,5236.443,81745.05,0.0,81745.05,0.0,0.0,0.0,0.0,13.874143124313571,100.0,2015
central casasano,2016-2017,619714.015,619714.015,5634.67,85523.0,0.0,85523.0,0.0,0.0,0.0,0.0,13.8003979141895,100.0,2016
central casasano,2017-2018,650149.455,650149.454,6156.66,87500.0,0.0,87500.0,0.0,0.0,105.601,13.4584,13.458443971868657,99.99999984618923,2017
central casasano,2018-2019,698063.615,698063.615,6365.63,93259.55,0.0,93259.55,0.0,0.0,109.661355,13.3597,13.359749454926112,100.0,2018
central casasano,2019-2020,724510.24,724510.239,6686.24,96273.55,0.0,96273.55,0.0,0.0,108.358395,13.288,13.28808687823113,99.99999986197572,2019
central casasano,2020-2021,728273.672,728273.672,6913.83,97125.8,0.0,97125.8,0.0,0.0,105.335779,13.3364,13.336442567430886,100.0,2020
central casasano,2021-2022,756332.593,756332.593,7202.58,100180.8,0.0,100180.8,0.0,0.0,105.008565,13.2456,13.245601330313159,100.0,2021
central casasano,2022-2023,719139.26,719139.257,7506.51,93955.5,0.0,93955.5,0.0,0.0,95.802078,13.0649,13.064993891718526,99.99999958283462,2022
central casasano,2023-2024,671815.585,671815.585,6733.15,84283.5,0.0,84283.5,0.0,0.0,99.777308,12.5456,12.545630360748481,100.0,2023
central casasano,2024-2025,636878.4797,636878.48,6334.97,84813.0,0.0,84813.0,0.0,0.0,100.533779,13.3169,13.316983170792646,100.00000004710475,2024
central el potrero,2016-2017,1513308.781,1471929.456,23479.899,175020.35,175020.35,0.0,0.0,0.0,0.0,0.0,11.890539270517866,97.26563900774723,2016
central el potrero,2017-2018,1671568.065,1611389.224,25545.14,192989.65,167168.4,25821.25,0.0,0.0,65.435854,11.5454,11.976600508779374,96.39985698099586,2017
central el potrero,2018-2019,1619811.21,0.0,23909.905,180579.95,128982.5,42862.9,3236.25,5498.3,67.746451,11.1482,0.0,0.0,2018
central el potrero,2019-2020,1146168.15,1112223.506,20033.617,122956.5,117063.0,0.0,5893.5,0.0,57.212242,10.7276,11.055017209823292,97.03842372517506,2019
central el potrero,2020-2021,1261031.13,1227441.819,19784.469,135103.25,122942.0,0.0,12161.25,0.0,63.738436,10.7137,11.006896449891936,97.33636147428018,2020
central el potrero,2021-2022,1365990.82,1334311.347,21139.473,152741.0,147456.5,0.0,5284.5,0.0,64.618016,11.1817,11.447178377326651,97.68084290639669,2021
central el potrero,2022-2023,1077743.126,1052982.553,18341.46,114461.5,114461.5,0.0,0.0,0.0,58.759942,10.6204,10.870218093727521,97.70255338190857,2022
central el potrero,2023-2024,1182740.446,1149287.038,18418.511,113088.15,113088.15,0.0,0.0,0.0,64.214769,9.5615,9.83985255735565,97.17153428606093,2023
central el potrero,2024-2025,1274960.796,1235297.563,19018.303,128248.75,128248.75,0.0,0.0,0.0,67.03862,10.059,10.382012710244453,96.88906254024144,2024
central la providencia,2016-2017,815855.07,787125.418,14033.47,87577.208,0.0,87577.208,0.0,0.0,0.0,0.0,11.126207589957412,96.47858387397163,2016
central la providencia,2017-2018,754379.94,725981.95,12380.41,84589.66,0.0,11952.5,0.0,0.0,60.933356,11.2131,11.651758008584098,96.2355852145273,2017
central la providencia,2018-2019,718777.75,691889.855,11598.8,80169.92,0.0,0.0,0.0,61963.9,61.970009,11.1536,11.587092861767715,96.25921990490106,2018
central la providencia,2019-2020,516204.41,498855.649,11635.0,54222.61,0.0,0.0,0.0,0.0,44.366515,10.504,10.869398814806246,96.63916838680244,2019
central la providencia,2020-2021,676050.19,653368.622,11177.32,72450.08,0.0,0.0,0.0,23068.08,60.484104,10.7166,11.08869902234148,96.6449875563233,2020
central la providencia,2021-2022,755750.37,728634.256,11930.25,82826.13,0.0,0.0,0.0,0.0,63.347404,10.9594,11.367312107269356,96.41202769110123,2021
central la providencia,2022-2023,626461.91,604894.007,10728.435,67161.35,0.0,0.0,0.0,0.0,58.392664,10.7207,11.102994776405515,96.5571884490152,2022
central la providencia,2023-2024,667787.36,642694.711,11409.31,60563.68,0.0,7000.0,0.0,0.0,58.530039,9.0693,9.423397915592929,96.2424192934709,2023
central la providencia,2024-2025,704991.22,677735.965,10621.19,70131.587,0.0,26672.34,0.0,0.0,66.375916,9.9478,10.347921701336892,96.13395823567845,2024
central motzorongo,2015-2016,1391681.63,1342079.824,18608.04,150174.703,0.0,111288.847,0.0,38885.856,0.0,0.0,11.189699771539075,96.43583669348284,2015
central motzorongo,2016-2017,1323221.67,1274951.37,17886.23,143928.54,0.0,87512.982,0.0,56415.558,0.0,0.0,11.288943514763233,96.35206246282229,2016
central motzorongo,2017-2018,1301432.61,1255833.992,17991.18,142707.597,0.0,104093.704,0.0,0.0,72.337256,10.9654,11.363571770559306,96.49627513175653,2017
central motzorongo,2018-2019,1404548.56,1350193.19,18250.21,154721.82,0.0,63886.861,0.0,0.0,76.960679,11.0157,11.459235696485775,96.13004693835576,2018
central motzorongo,2019-2020,1131845.62,1086543.219,18006.0,119357.311,0.0,71159.484,0.0,0.0,62.859359,10.5453,10.985049550983392,95.99747525638699,2019
central motzorongo,2020-2021,1124627.08,1086340.709,17326.78,119681.918,0.0,75410.798,0.0,0.0,64.906871,10.6419,11.016978099823744,96.59563852935143,2020
central motzorongo,2021-2022,1148832.09,1110242.656,17411.36,124564.768,0.0,58266.88,0.0,0.0,65.981755,10.8427,11.219598465869069,96.64098571619807,2021
central motzorongo,2022-2023,945878.2,912436.916,17074.04,97276.314,0.0,60660.982,0.0,0.0,55.398616,10.2842,10.66115501183865,96.4645253479782,2022
central motzorongo,2023-2024,1114973.33,1076692.805,17164.42,97575.18,0.0,89706.94,0.0,0.0,64.958404,8.7513,9.06249020582988,96.56668693591082,2023
central motzorongo,2024-2025,970752.76,937917.152,15721.69,90550.016,0.0,75227.149,0.0,0.0,61.746082,9.3278,9.654372543130547,96.61751072435787,2024
central progreso,2015-2016,841912.82,841650.111,13896.44,108017.35,0.0,108017.35,0.0,0.0,0.0,0.0,12.833997000447136,99.96879617535697,2015
central progreso,2016-2017,778378.91,778180.051,13892.05,100397.85,0.0,100397.85,0.0,0.0,0.0,0.0,12.901622172270258,99.97445215980993,2016
central progreso,2017-2018,852726.25,851489.414,13941.75,109389.5,0.0,109389.5,0.0,0.0,61.163501,12.8282,12.846842039541787,99.85495509256342,2017
central progreso,2018-2019,803496.15,802124.781,13698.12,97636.35,0.0,64793.3,0.0,32843.05,58.657403,12.1514,12.17221463701419,99.82932475780997,2018
central progreso,2019-2020,409558.31,409345.443,13438.85,47870.1,0.0,43038.35,0.0,0.0,30.475696,11.6882,11.694303874295235,99.94802522747005,2019
central progreso,2020-2021,643682.82,642965.479,12525.31,79183.9,0.0,70082.55,0.0,0.0,51.390569,12.3016,12.315420125378145,99.8885567584358,2020
central progreso,2021-2022,661152.77,660123.265,13238.65,82703.85,0.0,73307.95,0.0,0.0,49.941102,12.509,12.528546467757048,99.84428636667437,2021
central progreso,2022-2023,476083.14,474520.817,12535.01,58158.3,0.0,52774.6,0.0,0.0,37.980276,12.2159,12.256216780474777,99.67183820036138,2022
central progreso,2023-2024,566478.46,564397.33,11918.92,63088.4,0.0,61747.05,0.0,0.0,47.527666,11.1369,11.178011774081215,99.63261974691852,2023
central progreso,2024-2025,604968.56,603242.509,11869.68,66561.625,0.0,61561.625,0.0,0.0,50.967554,11.0024,11.03397456361949,99.71468748723072,2024
central san miguelito,2016-2017,447240.119,437503.059,6536.66,46797.961,0.0,46797.961,0.0,0.0,0.0,0.0,10.69660200935875,97.82285631669819,2016
central san miguelito,2017-2018,464943.996,453923.306,6567.42,48708.18,0.0,244.2,0.0,0.0,70.795532,10.4761,10.730486704729808,97.62967366073913,2017
central san miguelito,2018-2019,502575.24,485254.988,7163.12,54030.58,0.0,0.0,0.0,54030.58,70.161499,10.7507,11.134471841843283,96.55369970076521,2018
central san miguelito,2019-2020,417057.59,403011.628,6460.11,40698.25,0.0,0.0,0.0,0.0,64.558899,9.7584,10.098529961026335,96.63212891054206,2019
central san miguelito,2020-2021,425095.376,410481.14,6212.85,42232.98,0.0,2110.55,0.0,10109.52,68.42196,9.9349,10.288652969537164,96.5621277423634,2020
central san miguelito,2021-2022,406020.468,392081.483,5891.28,40437.37,0.0,14063.6,0.0,0.0,68.918888,9.9594,10.313511796220176,96.56692553735986,2021
central san miguelito,2022-2023,380651.18,367347.574,6165.662,36555.55,0.0,5503.27,0.0,0.0,61.737276,9.6034,9.951215847691975,96.50504012623841,2022
central san miguelito,2023-2024,460925.819,445920.683,6580.57,41186.4,0.0,24062.4,0.0,0.0,70.043448,8.9355,9.23626141826662,96.74456596235935,2023
central san miguelito,2024-2025,440809.92,422898.059,6613.03,40003.05,0.0,40003.05,0.0,0.0,66.657783,9.0748,9.459265453852558,95.936602107321,2024
cia. la fe (pujiltic),2016-2017,1584255.09,1560491.547,17036.16,197347.35,0.0,197347.35,0.0,0.0,0.0,0.0,12.646486318967545,98.50001788537728,2016
cia. la fe (pujiltic),2017-2018,1548271.14,1525047.564,17189.67,191722.2,0.0,191722.2,0.0,0.0,90.069858,12.3829,12.571555440352157,98.50003171925043,2017
cia. la fe (pujiltic),2018-2019,1550975.16,1527710.883,17118.26,186248.35,0.0,186248.35,0.0,0.0,90.603551,12.0084,12.19133489670899,98.50002259223804,2018
cia. la fe (pujiltic),2019-2020,1577098.96,1553442.98,17579.61,196093.9,0.0,196093.9,0.0,0.0,89.711828,12.4338,12.6231797706537,98.50003198277425,2019
cia. la fe (pujiltic),2020-2021,1696248.48,1670809.654,17208.64,215334.95,0.0,215334.95,0.0,0.0,98.569583,12.6947,12.888059958504405,98.50028894351611,2020
cia. la fe (pujiltic),2021-2022,1765368.24,1738889.055,17684.62,226583.45,0.0,226583.45,0.0,0.0,99.825059,12.8349,13.030356902211915,98.50007582553995,2021
cia. la fe (pujiltic),2022-2023,1697262.56,1671804.204,18102.22,211987.2,0.0,211987.2,0.0,0.0,93.759912,12.4899,12.6801451684829,98.50003431407806,2022
cia. la fe (pujiltic),2023-2024,1766409.93,1739914.419,17974.19,217275.35,0.0,217275.35,0.0,0.0,98.2748,12.3003,12.487703281686523,98.50003611562578,2023
cia. la fe (pujiltic),2024-2025,1746393.58,1720198.002,18518.55,206377.575,0.0,206377.575,0.0,0.0,94.305093,11.8173,11.997315120704343,98.50001864986243,2024
ciasa (cuatotolapam),2016-2017,745517.84,711272.545,15522.45,85390.05,0.0,85390.05,0.0,0.0,0.0,0.0,12.005250392449774,95.40650898441278,2016
ciasa (cuatotolapam),2017-2018,799612.16,766557.255,15228.68,90685.21,0.0,19444.5,0.0,0.0,52.50699,11.3411,11.830193949439563,95.86613277616989,2017
ciasa (cuatotolapam),2018-2019,805980.0,767028.457,14778.68,93611.884,0.0,42209.0,0.0,0.0,54.53667,11.6146,12.204486436674669,95.16718243628874,2018
ciasa (cuatotolapam),2019-2020,788980.0,745949.111,15844.95,86497.96,0.0,71447.9,0.0,0.0,49.793782,10.9632,11.59569181388836,94.5460101650232,2019
ciasa (cuatotolapam),2020-2021,836555.42,790430.617,16273.8,94003.38,0.0,36959.4,0.0,0.0,51.405044,11.2369,11.892679506365834,94.48634221986153,2020
ciasa (cuatotolapam),2021-2022,917363.82,866579.591,17103.17,104719.19,0.0,0.0,0.0,0.0,53.637063,11.4152,12.084197584108578,94.46411250445871,2021
ciasa (cuatotolapam),2022-2023,902806.22,846243.352,17094.53,100867.16,0.0,30523.3,0.0,0.0,52.812579,11.1726,11.919403533464923,93.73477200899214,2022
ciasa (cuatotolapam),2023-2024,851316.4,793761.78,16521.87,89636.78,0.0,61492.48,0.0,0.0,51.526637,10.5291,11.29265508349369,93.23933851150994,2023
ciasa (cuatotolapam),2024-2025,835778.03,777944.526,17989.02,85582.0,0.0,35743.2,0.0,0.0,46.460453,10.2398,11.0010414804307,93.08027946128232,2024
constancia,2015-2016,771751.52,737236.809,12655.52,86033.55,0.0,86033.55,0.0,0.0,0.0,0.0,11.669730668589013,95.52774304869526,2015
constancia,2016-2017,805895.501,768455.648,13155.61,87333.3,0.0,87333.3,0.0,0.0,0.0,0.0,11.364780807753267,95.35425462066203,2016
constancia,2017-2018,796131.035,761067.551,12629.39,89788.5,0.0,89788.5,0.0,0.0,63.037964,11.2781,11.797704406399006,95.59576470976288,2017
constancia,2018-2019,876639.297,839675.312,13112.43,97203.3,0.0,93691.8,0.0,3511.5,66.855594,11.0881,11.576296052872399,95.78344421400037,2018
constancia,2019-2020,688912.15,658186.118,12047.48,72205.75,0.0,72205.75,0.0,0.0,57.183091,10.4811,10.970415210124502,95.53992014801888,2019
constancia,2020-2021,631296.4,605689.162,10885.89,63562.3,0.0,63562.3,0.0,0.0,57.992171,10.0685,10.494211220507195,95.94370599927387,2020
constancia,2021-2022,654396.53,623250.729,11056.27,70585.35,0.0,70585.35,0.0,0.0,59.187821,10.7863,11.325353780693291,95.24053084450188,2021
constancia,2022-2023,536019.61,509651.999,10623.59,56119.3,0.0,56119.3,0.0,0.0,50.4556,10.4696,11.011297926842822,95.08084956070917,2022
constancia,2023-2024,666881.76,634913.067,11799.41,60197.65,0.0,60197.65,0.0,0.0,56.518229,9.0267,9.481242886437553,95.20624270785274,2023
constancia,2024-2025,630859.335,599077.834,12646.3,57364.5,0.0,57364.5,0.0,0.0,49.884894,9.093,9.575466950092498,94.962188995745,2024
cuatotolapam,2015-2016,671912.248,648228.405,13882.87,80931.95,0.0,80931.95,0.0,0.0,0.0,0.0,12.485097748840548,96.47515831561387,2015
el carmen,2015-2016,242071.454,235404.004,3724.0,19891.45,19891.45,0.0,0.0,0.0,0.0,0.0,8.449919993714296,97.24566862807376,2015
el carmen,2016-2017,424073.488,410177.833,6529.0,34991.95,34991.95,0.0,0.0,0.0,0.0,0.0,8.530921757539248,96.72329079907017,2016
el carmen,2017-2018,448702.04,429906.017,6987.0,39386.4,39257.9,128.5,0.0,0.0,64.219556,8.7778,9.161630319772891,95.81102350236696,2017
el carmen,2018-2019,482710.0,463594.11,7393.0,43888.3,43888.3,0.0,0.0,0.0,65.292844,9.092,9.466966696362904,96.03988108802386,2018
el carmen,2019-2020,408677.857,0.0,6779.857,34256.114,34256.114,0.0,0.0,0.0,60.278241,8.3821,0.0,0.0,2019
el carmen,2020-2021,411228.65,396515.17,6854.0,34869.7,21980.95,12888.75,0.0,0.0,59.998344,8.4793,8.79403933019763,96.42206835540276,2020
el carmen,2021-2022,540153.62,521160.958,8125.0,45607.55,0.0,45607.55,0.0,0.0,66.480445,8.4434,8.751144785484872,96.48384065259064,2021
el carmen,2022-2023,403279.62,390995.742,6204.0,32505.15,32505.15,0.0,0.0,0.0,65.003162,8.0602,8.313428129352877,96.95400476721339,2022
el carmen,2023-2024,174778.71,169292.57,2679.0,10449.35,6942.6,3506.75,0.0,0.0,65.240279,5.9786,6.17236184671306,96.86109366524104,2023
el higo,2015-2016,1795410.69,1695224.129,24428.35,198236.995,0.0,198236.995,0.0,0.0,0.0,0.0,11.693851662962025,94.41985270790607,2015
el higo,2016-2017,1900137.01,1783547.236,24791.35,203331.137,0.0,203331.137,0.0,0.0,0.0,0.0,11.400378576797053,93.8641385654606,2016
el higo,2017-2018,1740851.828,1632467.078,24720.93,188857.788,0.0,188857.788,0.0,0.0,70.420159,10.8485,11.568857378206802,93.77403933771208,2017
el higo,2018-2019,1659515.0,0.0,23565.781,185685.671,0.0,185685.671,0.0,0.0,70.420539,11.1891,0.0,0.0,2018
el higo,2019-2020,1109941.64,1037860.328,19837.55,100511.1941,0.0,100511.1941,0.0,0.0,55.951548,9.0555,9.684462483857462,93.50584666775814,2019
el higo,2020-2021,1501174.49,1398928.401,23648.59,169258.8501,0.0,169258.8501,0.0,0.0,63.478393,11.275,12.099178912874184,93.188927091347,2020
el higo,2021-2022,1764381.63,1633275.819,23452.19,202374.3973,0.0,202374.3973,0.0,0.0,75.233128,11.4699,12.39070553459287,92.56930537187694,2021
el higo,2022-2023,1500029.51,1390775.72,26062.08,149079.033,0.0,149079.033,0.0,0.0,57.556016,9.9384,10.719128243049857,92.71655728959625,2022
el higo,2023-2024,1195804.03,1101088.149,20200.13,112451.7466,0.0,112451.7466,0.0,0.0,59.197838,9.4038,10.21278330005893,92.0793141163774,2023
el higo,2024-2025,1276220.3,1162117.574,21265.43,129454.5572,0.0,129454.5572,0.0,0.0,60.013848,10.1435,11.139540447221565,91.05932369199894,2024
el mante,2015-2016,782506.324,714788.338,13556.25,74759.1,74176.55,582.55,0.0,0.0,0.0,0.0,10.458914342276247,91.34601422083843,2015
el mante,2016-2017,710923.51,653773.774,10281.75,67900.0,67484.6,415.4,0.0,0.0,0.0,0.0,10.385855581903474,91.96119762588805,2016
el mante,2017-2018,743707.55,684266.517,11883.72935,75880.1,19342.7,56537.4,0.0,0.0,62.581999,10.2029,11.089260999161239,92.00747215757053,2017
el mante,2018-2019,819511.08,752211.8178,10528.25,90611.1,0.0,90611.1,0.0,0.0,77.839249,11.0567,12.04595538860464,91.78787647386048,2018
el mante,2019-2020,737677.44,677719.9581,13446.0,73084.05,28376.1,44707.95,0.0,0.0,54.862222,9.9073,10.783812565427827,91.87212748433788,2019
el mante,2020-2021,1007792.53,923308.076,17031.25,113225.35,0.0,113225.35,0.0,0.0,59.173139,11.2349,12.263008733825915,91.61688031166494,2020
el mante,2021-2022,1003696.58,917301.001,18719.25,105415.8,0.0,105415.8,0.0,0.0,53.618418,10.5027,11.491953010525496,91.39226129474308,2021
el mante,2022-2023,1207177.85,1105810.489,33352.5,120226.63,16082.44,104144.19,0.0,0.0,36.194523,9.9593,10.872263484199959,91.60294723764191,2022
el mante,2023-2024,1406198.12,1290765.967,27483.5,145599.42,45380.018,100219.402,0.0,0.0,51.165176,10.3541,11.280078939360509,91.79118849909996,2023
el mante,2024-2025,1354777.24,1237116.276,28153.504,137340.74,36496.445,100844.295,0.0,0.0,48.121087,10.1375,11.101684026344504,91.31510623842486,2024
el modelo,2015-2016,993537.525,958666.52,12649.75,106249.92,0.0,106249.92,0.0,0.0,0.0,0.0,11.083094880584751,96.49021761910804,2015
el modelo,2016-2017,1142342.76,1098796.866,12687.1,116966.57,0.0,116966.57,0.0,0.0,0.0,0.0,10.644967565824857,96.18801855933327,2016
el modelo,2017-2018,1127256.89,1085192.321,12662.7,119185.15,0.0,119185.15,0.0,0.0,89.021842,10.573,10.982859691650914,96.268413227441,2017
el modelo,2018-2019,1115185.65,1069918.419,11940.75,116786.44,0.0,116786.44,0.0,0.0,93.393266,10.4723,10.915452797714664,95.94083451486307,2018
el modelo,2019-2020,944374.86,907759.37,11864.25,96188.31,0.0,76767.8,0.0,0.0,79.598361,10.1853,10.596234330249876,96.12278010026654,2019
el modelo,2020-2021,1052463.705,1012267.486,11402.9,108816.14,0.0,104298.0,0.0,0.0,92.297898,10.3391,10.749741694262024,96.18075010007115,2020
el modelo,2021-2022,1054833.355,1014482.427,11151.5,111938.068,0.0,97168.788,0.0,0.0,94.591163,10.6119,11.03400759055238,96.17466324811089,2021
el modelo,2022-2023,951692.7,915801.727,11362.85,101726.497,0.0,101726.497,0.0,0.0,83.754753,10.689,11.1079171397981,96.22872246471997,2022
el modelo,2023-2024,928621.735,890475.259,11237.4,94998.476,0.0,94998.476,0.0,0.0,82.636707,10.23,10.66828921296285,95.89214051725808,2023
el modelo,2024-2025,940279.295,895801.351,11669.0,94121.515,0.0,94121.515,0.0,0.0,80.579252,10.0099,10.506962832209437,95.26970930482948,2024
el molino,2015-2016,1122402.17,1098135.95,12029.0,134637.05,0.0,134637.05,0.0,0.0,0.0,0.0,12.260508364196617,97.83801023834442,2015
el molino,2016-2017,958094.1,938080.111,11872.0,114692.45,0.0,114692.45,0.0,0.0,0.0,0.0,12.226295884019653,97.91106228500938,2016
el molino,2017-2018,734049.19,717258.604,11059.05,89001.05,0.0,89001.05,0.0,0.0,66.375429,12.1246,12.408502247816882,97.71260751612574,2017
el molino,2018-2019,757011.19,0.0,9159.0,91998.0,0.0,91998.0,0.0,0.0,82.652166,12.1527,0.0,0.0,2018
el molino,2019-2020,798397.34,0.0,9123.0,90495.65,0.0,90495.65,0.0,0.0,87.51478,11.3346,0.0,0.0,2019
el molino,2020-2021,876376.89,851611.838,11602.0,106547.8,0.0,106547.8,0.0,0.0,75.536708,12.1577,12.511310346533723,97.17415506015911,2020
el molino,2021-2022,693295.6,674095.829,10650.5,84385.15,0.0,84385.15,0.0,0.0,65.095122,12.1715,12.518272086801474,97.2306515431513,2021
el molino,2022-2023,889966.8,867111.125,14749.0,109584.3,0.0,109584.3,0.0,0.0,60.340823,12.3133,12.637861150726213,97.4318508285927,2022
el molino,2023-2024,772644.33,752729.021,11730.95,90562.8,0.0,90562.8,0.0,0.0,65.863747,11.7211,12.031261911449539,97.42244804928549,2023
el molino,2024-2025,727393.12,709214.28,10867.0,87855.55,0.0,87855.55,0.0,0.0,66.935963,12.0781,12.387729981973854,97.50082321372521,2024
el potrero,2015-2016,1653119.95,1607853.356,25991.31,198509.5,198509.5,0.0,0.0,0.0,0.0,0.0,12.346244093668453,97.26174776367559,2015
el refugio,2015-2016,471422.69,454330.437,6456.127,49775.361,0.0,33595.351,0.0,16180.01,0.0,0.0,10.955761918279757,96.3743253427195,2015
el refugio,2016-2017,419407.06,403915.413,7325.439,46097.957,0.0,26312.032,0.0,19785.925,0.0,0.0,11.4127749316662,96.30629799126415,2016
el refugio,2017-2018,436058.27,419404.657,6203.56,49323.292,0.0,17019.418,0.0,0.0,70.291618,11.3111,11.76031099721432,96.18087440469824,2017
el refugio,2018-2019,476754.16,457559.753,6649.468,53255.202,0.0,11441.341,0.0,0.0,71.69809,11.1703,11.638961174104837,95.97394032177927,2018
el refugio,2019-2020,359756.18,347191.938,6972.362,37564.26,0.0,13580.817,0.0,0.0,51.597461,10.4415,10.81945053689582,96.50756743080828,2019
el refugio,2020-2021,370136.13,358142.826,6553.57,39801.693,0.0,14393.23,0.0,0.0,56.478549,10.7532,11.11335760778299,96.75975863258742,2020
el refugio,2021-2022,396429.27,383926.125,6932.988,45172.804,0.0,10704.92,0.0,0.0,57.180146,11.3949,11.766014620651303,96.84605907126887,2021
el refugio,2022-2023,339135.86,328614.362,6725.75,37552.203,0.0,11031.526,0.0,0.0,50.4235,11.0729,11.427438159260976,96.89755663113893,2022
el refugio,2023-2024,332535.71,322161.283,6957.32,31306.59,0.0,12720.761,0.0,0.0,47.796523,9.4145,9.717676099520624,96.88020664006281,2023
el refugio,2024-2025,359747.89,348327.245,6641.17,35546.989,0.0,11846.778,0.0,0.0,54.169354,9.881,10.205055593627195,96.82537540386963,2024
eldorado,2015-2016,264042.79,248436.8,2984.42,25768.85,0.0,25768.85,0.0,0.0,0.0,0.0,10.372396520966298,94.08959812915172,2015
eldorado,2016-2017,306953.01,288780.639,3675.4,28250.2,0.0,28250.2,0.0,0.0,0.0,0.0,9.782581026839544,94.07975474812903,2016
eldorado,2017-2018,404422.081,380526.774,4392.97,37829.3,0.0,37829.3,0.0,0.0,92.061198,9.3539,9.941297849386022,94.09149299145216,2017
eldorado,2018-2019,412379.83,387856.964,5391.33,41703.8,0.0,41703.8,0.0,0.0,76.489443,10.1129,10.75236591600815,94.05333039688192,2018
eldorado,2019-2020,401029.9,377238.301,5748.65,39180.325,0.0,7542.503,0.0,0.0,69.760709,9.7699,10.386094120384664,94.06737527550936,2019
eldorado,2020-2021,303366.85,285351.388,4659.43,29040.021,0.0,14623.6,0.0,0.0,65.108146,9.5725,10.17693350067041,94.06149287570477,2020
eldorado,2021-2022,424543.59,399096.011,5116.7,43736.99,0.0,29910.7,0.0,0.0,82.972148,10.3021,10.959014571558821,94.00589725073931,2021
eldorado,2022-2023,283304.55,266306.278,4426.774,29350.04,0.0,24982.7,0.0,0.0,63.99797,10.3598,11.021159628839094,94.00000035297703,2022
eldorado,2023-2024,222241.46,208906.987,3671.14,21040.1,0.0,21040.1,0.0,0.0,60.537451,9.4672,10.071515702823284,94.00000656943128,2023
emiliano zapata,2015-2016,1056264.69,1056264.69,10796.98,146411.9,0.0,146411.9,0.0,0.0,0.0,0.0,13.861288878264027,100.0,2015
emiliano zapata,2016-2017,1018370.38,1018370.38,10288.02,139803.2,0.0,139803.2,0.0,0.0,0.0,0.0,13.728129052614435,100.0,2016
emiliano zapata,2017-2018,1088193.09,1088193.09,11126.02,149270.85,0.0,149270.85,0.0,0.0,97.806141,13.7173,13.717312797860165,100.0,2017
emiliano zapata,2018-2019,1102750.61,1102750.61,11541.12,147793.9,0.0,147793.9,0.0,0.0,95.549704,13.4022,13.402295918929482,100.0,2018
emiliano zapata,2019-2020,1048724.46,1048724.46,10799.55,139932.85,0.0,139932.85,0.0,0.0,97.108162,13.3431,13.343147350639653,100.0,2019
emiliano zapata,2020-2021,1030126.25,1030126.25,10993.79,139069.2,0.0,139069.2,0.0,0.0,93.700739,13.5002,13.500209319003375,100.0,2020
emiliano zapata,2021-2022,1052812.39,1052812.39,10950.31,142466.25,0.0,142466.25,0.0,0.0,96.144528,13.5319,13.53196935685759,100.0,2021
emiliano zapata,2022-2023,966562.69,966562.69,10753.64,128350.2,0.0,128350.2,0.0,0.0,89.882373,13.279,13.279035217053536,100.0,2022
emiliano zapata,2023-2024,841721.43,841721.431,9959.86,107039.925,0.0,107039.925,0.0,0.0,84.511371,12.7167,12.716787414196181,100.00000011880414,2023
emiliano zapata,2024-2025,838278.7302,838278.73,9224.981,110586.8,0.0,110586.8,0.0,0.0,90.87051,13.1921,13.192127635160206,99.99999997614158,2024
huixtla,2015-2016,1238906.53,1132253.528,13325.88,116976.1,0.0,116976.1,0.0,0.0,0.0,0.0,10.331263900464528,91.39136008912632,2015
huixtla,2016-2017,1189290.65,1052818.839,14649.1,114026.535,0.0,114026.535,0.0,0.0,0.0,0.0,10.830594094260885,88.52494039198913,2016
huixtla,2017-2018,1035222.266,927124.705,14004.92,104519.2,0.0,49684.2,0.0,0.0,73.91847,10.0963,11.273478037671318,89.5580336174879,2017
huixtla,2018-2019,1349721.62,0.0,14261.863,136491.292,0.0,86458.131,0.0,14588.161,94.63852,10.1125,0.0,0.0,2018
huixtla,2019-2020,1279246.76,1155985.819,15016.14,127468.12,0.0,59790.716,0.0,0.0,85.191451,9.9643,11.026789248181945,90.36456883424117,2019
huixtla,2020-2021,1258582.09,1137502.521,14506.53,123144.903,0.0,57149.123,0.0,0.0,86.759693,9.7844,10.825901545408533,90.37968441136802,2020
huixtla,2021-2022,1253670.52,1129893.741,14921.59,124532.202,0.0,67020.412,0.0,0.0,84.01722,9.9334,11.021585258962862,90.12684935751699,2021
huixtla,2022-2023,1180037.31,1071000.158,14631.2,116661.416,0.0,55036.249,0.0,0.0,80.65212,9.8862,10.892754322077327,90.75985555066899,2022
huixtla,2023-2024,1165647.79,1046355.489,14400.76,111602.549,0.0,89695.711,0.0,0.0,80.943491,9.5742,10.665834907279777,89.76600804948121,2023
huixtla,2024-2025,1115123.59,1002529.091,14514.241,101990.759,0.0,48271.208,0.0,0.0,76.829617,9.1461,10.173346580722814,89.90295784165053,2024
jose ma. martinez (tala),2015-2016,2012134.8,1934518.432,22470.73,238871.2,0.0,238871.2,0.0,0.0,0.0,0.0,12.347837893332619,96.14258607325911,2015
jose ma. morelos,2015-2016,613195.9,594775.601,8673.405,62205.1,0.0,62205.1,0.0,0.0,0.0,0.0,10.45858301776572,96.99601725973706,2015
jose maria morelos,2016-2017,562719.26,545873.782,8459.403,57888.05,0.0,57888.05,0.0,0.0,0.0,0.0,10.604658422668118,97.00641524158956,2016
jose maria morelos,2017-2018,570741.71,553514.101,8684.75,56112.5,0.0,56112.5,0.0,0.0,65.71769,9.8315,10.137501447320851,96.98154021369842,2017
jose maria morelos,2018-2019,646457.34,627217.868,8470.775,65370.95,0.0,65370.95,0.0,0.0,76.316197,10.1121,10.42236730411513,97.02386053811378,2018
jose maria morelos,2019-2020,637989.55,617555.791,8102.482,62987.65,0.0,62987.65,0.0,0.0,78.740014,9.8728,10.19950762634821,96.79716399743536,2019
jose maria morelos,2020-2021,625371.55,580362.936,9656.85,66576.75,0.0,66576.75,0.0,0.0,64.759372,10.6459,11.47157164426503,92.8029002918345,2020
jose maria morelos,2021-2022,615411.42,570461.684,9024.81,62456.675,0.0,62456.675,0.0,0.0,68.191066,10.1487,10.948443471621488,92.69598604458785,2021
jose maria morelos,2022-2023,634837.3,589371.413,8917.85,69303.625,0.0,69303.625,0.0,0.0,71.187259,10.9167,11.758905076042431,92.83818279108678,2022
jose maria morelos,2023-2024,649838.7,602344.783,9013.81,66985.3,0.0,66985.3,0.0,0.0,72.093676,10.3079,11.120757063151986,92.69142988867854,2023
jose maria morelos,2024-2025,634181.81,588367.264,9390.1,66153.125,0.0,66153.125,0.0,0.0,67.537279,10.4312,11.243508782296903,92.7758025730823,2024
la gloria,2015-2016,1434849.99,1384130.618,17425.53,157847.849,0.0,157847.849,0.0,0.0,0.0,0.0,11.40411511365035,96.46517947147912,2015
la gloria,2016-2017,1469005.56,1415503.74,16930.15,164439.202,0.0,164439.202,0.0,0.0,0.0,0.0,11.617009362334853,96.35795660296887,2016
la gloria,2017-2018,1581256.258,1525145.725,18295.71,179919.438,0.0,179919.438,0.0,0.0,86.427706,11.3782,11.79686865660001,96.45152183802456,2017
la gloria,2018-2019,1762833.3,0.0,19026.429,197044.586,0.0,197044.586,0.0,0.0,92.651821,11.1777,0.0,0.0,2018
la gloria,2019-2020,1471700.261,1419401.515,19275.505,157557.274,0.0,157557.274,0.0,0.0,76.350801,10.7057,11.10026108433455,96.4463724451293,2019
la gloria,2020-2021,1655626.05,1598929.274,19925.77,184201.14,0.0,184201.14,0.0,0.0,83.089689,11.1257,11.520280665022087,96.57550834018346,2020
la gloria,2021-2022,1719822.18,1658765.706,20433.14,188656.869,0.0,188656.869,0.0,0.0,84.168276,10.9695,11.37332827159377,96.44983797103954,2021
la gloria,2022-2023,1616833.39,1559164.418,21034.34,180137.508,0.0,180137.508,0.0,0.0,76.866371,11.1413,11.553464530127572,96.43321492760613,2022
la gloria,2023-2024,1654037.06,1591768.713,21004.64,174000.631,0.0,174000.631,0.0,0.0,78.74627,10.5197,10.931275981173277,96.2353717153109,2023
la gloria,2024-2025,1629068.8,1566574.998,21138.29,161607.907,0.0,154629.05,0.0,0.0,77.067198,9.9202,10.316001928175801,96.16383285960666,2024
la joya,2015-2016,792519.262,764873.904,14821.0,82428.25,0.0,62423.9,0.0,20004.35,0.0,0.0,10.77671098058537,96.51171153490526,2015
la joya,2016-2017,743492.707,720977.135,14645.64,81796.3,0.0,81796.3,0.0,0.0,0.0,0.0,11.345200288494587,96.97164857327914,2016
la joya,2017-2018,831122.349,796874.21,15637.43,84343.65,0.0,84343.65,0.0,0.0,53.149548,10.1481,10.584311669466627,95.8792903305744,2017
la joya,2018-2019,884233.333,850159.099,13465.48,87859.04,0.0,76100.15,0.0,0.0,65.666677,9.9361,10.334423298338418,96.14646578812021,2018
la joya,2019-2020,1024861.803,985103.666,19033.09,101564.31,0.0,63543.55,0.0,0.0,53.846317,9.91,10.310012388076933,96.12063432517253,2019
la joya,2020-2021,993914.13,940614.731,18520.47,104527.27,0.0,74962.89,0.0,0.0,53.665707,10.5167,11.112655006888255,94.63742416057612,2020
la joya,2021-2022,1196752.043,1140481.313,18812.66,127719.0,0.0,94947.53,0.0,0.0,63.614185,10.6721,11.198692915365637,95.29804604645241,2021
la joya,2022-2023,1093508.251,1039021.55,20614.28,114856.54,0.0,57569.85,0.0,0.0,53.046153,10.5034,11.05429815194882,95.01725744180051,2022
la joya,2023-2024,947790.015,904304.944,19678.23,97747.582,0.0,86617.337,0.0,0.0,48.164393,10.3132,10.80913940021542,95.41195092670395,2023
la joya,2024-2025,951481.622,900062.584,18708.51,94857.482,0.0,73422.082,0.0,0.0,50.858225,9.9694,10.53898736446087,94.59589793317102,2024
la margarita,2016-2017,1094007.904,1057811.476,19901.263,129078.161,0.0,129078.161,0.0,0.0,0.0,0.0,12.202378583383792,96.6913924599945,2016
la margarita,2017-2018,1118274.946,1083161.025,19153.64,131951.55,0.0,121387.05,0.0,0.0,58.38446,11.7995,12.182080683709977,96.85999215795718,2017
la margarita,2018-2019,1170961.152,1134986.452,19095.25,141004.831,0.0,70563.45,0.0,0.0,61.322116,12.0418,12.42348142143286,96.9277631509333,2018
la margarita,2019-2020,980024.59,950022.198,18963.78,109606.62,0.0,87369.15,0.0,0.0,51.678757,11.184,11.537269363889116,96.93860824451353,2019
la margarita,2020-2021,1002118.66,971880.167,18825.71,119152.161,0.0,87193.25,0.0,0.0,53.231387,11.89,12.259964247217733,96.98254366404075,2020
la margarita,2021-2022,1090922.2,1058064.024,19251.19,131084.546,0.0,87257.75,0.0,0.0,56.66778,12.0159,12.389093951463943,96.988036727092,2021
la margarita,2022-2023,920397.89,892842.402,19167.18,110922.46,0.0,103199.1,0.0,0.0,48.019473,12.0515,12.423520629343948,97.00613307577225,2022
la margarita,2023-2024,1026545.6,995758.396,18452.63,106728.58,0.0,105584.65,0.0,0.0,55.631397,10.3968,10.718320872686874,97.00089270267195,2023
la margarita,2024-2025,963359.255,924810.489,19200.48,110018.645,0.0,106610.625,0.0,0.0,50.173706,11.4203,11.89634485211813,95.99850566650755,2024
la providencia,2015-2016,181136.71,174796.661,2911.37,16302.45,0.0,16302.45,0.0,0.0,0.0,0.0,9.326522547247055,96.49985417091875,2015
"la providencia, central",2015-2016,683308.879,657482.981,12093.96,80328.02,0.0,80328.02,0.0,0.0,0.0,0.0,12.217505596544102,96.22046503511044,2015
lazaro cardenas,2015-2016,342797.76,335703.884,4103.2,39227.2,31369.05,7560.2,297.95,0.0,0.0,0.0,11.685059920248046,97.93059441228554,2015
lazaro cardenas,2016-2017,260337.59,254905.228,3717.4,30262.25,23473.8,6788.45,0.0,0.0,0.0,0.0,11.871961292217986,97.91333936831789,2016
lazaro cardenas,2017-2018,245693.2,240390.427,3583.1,27707.7,9077.05,18630.65,0.0,0.0,68.570009,11.2773,11.526124540724744,97.84170949786156,2017
lazaro cardenas,2018-2019,264774.96,259123.212,3255.0,30458.45,4162.25,26296.2,0.0,0.0,81.344073,11.5035,11.754427465185945,97.86545223158564,2018
lazaro cardenas,2019-2020,263051.94,257389.77,3593.54,28170.05,19372.7,8797.35,0.0,0.0,73.201339,10.7089,10.944510343204394,97.84750874675167,2019
lazaro cardenas,2020-2021,248740.092,243454.202,3338.81,28708.0,21051.6,7656.4,0.0,0.0,74.499624,11.5413,11.791950914858312,97.8749344516605,2020
lazaro cardenas,2021-2022,256323.42,251010.19,3409.539,30933.95,23584.3,7297.95,51.7,0.0,75.178321,12.0683,12.323782552413508,97.92713830051112,2021
lazaro cardenas,2022-2023,237158.14,231856.759,3314.79,27890.65,26181.3,1709.35,0.0,0.0,71.545449,11.7603,12.029258978816314,97.76462195225514,2022
lazaro cardenas,2023-2024,233139.614,228395.796,3284.97,26233.5,20978.5,5255.0,0.0,0.0,70.971611,11.2522,11.48598199241811,97.96524583762928,2023
lazaro cardenas,2024-2025,230835.276,225894.284,3204.43,26097.55,20016.525,6081.025,0.0,0.0,72.036298,11.3057,11.552992637919072,97.85951606460705,2024
mahuixtlan,2015-2016,432923.75,411234.85,5106.83,45468.825,0.0,45468.825,0.0,0.0,0.0,0.0,11.056656555250607,94.99013394391044,2015
mahuixtlan,2016-2017,452064.76,438356.398,5533.21,50795.15,0.0,50795.15,0.0,0.0,0.0,0.0,11.587637418263483,96.96761101219215,2016
mahuixtlan,2017-2018,422263.33,409580.899,5469.0,47073.25,0.0,47073.25,0.0,0.0,77.210336,11.1478,11.49302863364241,96.99655875872526,2017
mahuixtlan,2018-2019,467182.0,453299.67,6122.69,49536.8254,0.0,49536.8254,0.0,0.0,76.303389,10.6033,10.92805238530176,97.02849638898758,2018
mahuixtlan,2019-2020,425211.01,412456.568,6133.4,44351.875,0.0,44351.875,0.0,0.0,69.327128,10.4305,10.753101887808949,97.00044408539658,2019
mahuixtlan,2020-2021,432700.99,415207.398,6224.179924,45639.2,0.0,45639.2,0.0,0.0,69.519357,10.5475,10.991904339816218,95.9571176391346,2020
mahuixtlan,2021-2022,472612.25,453695.448,6081.020123,51179.05,0.0,51179.05,0.0,0.0,77.719237,10.8289,11.280485670643097,95.99739490459673,2021
mahuixtlan,2022-2023,385983.69,366684.5065,6185.522,38734.32915,0.0,38734.32915,0.0,0.0,62.40115,10.0352,10.563393997668127,95.0000002590783,2022
mahuixtlan,2023-2024,437738.3,410515.781,5980.389764,44121.0,0.0,44121.0,0.0,0.0,73.195613,10.0793,10.747698880789189,93.78109729032164,2023
mahuixtlan,2024-2025,406058.5,381592.627,6078.350492,40077.0,0.0,40077.0,0.0,0.0,66.804061,9.8697,10.502561413483495,93.97479107074473,2024
melchor ocampo,2015-2016,1112239.32,1066914.498,11110.75,131183.35,0.0,131183.35,0.0,0.0,0.0,0.0,12.295582283857954,95.9249038237562,2015
melchor ocampo,2016-2017,1011423.66,970501.683,10202.45,123083.85,0.0,123083.85,0.0,0.0,0.0,0.0,12.68249732648841,95.95402217503988,2016
melchor ocampo,2017-2018,1099065.52,1055279.821,10824.15,129850.3,0.0,129850.3,0.0,0.0,101.538275,11.8146,12.304821661135506,96.01609747524424,2017
melchor ocampo,2018-2019,1189378.0,0.0,10848.135,143333.55,0.0,143333.55,0.0,0.0,109.638937,12.0511,0.0,0.0,2018
melchor ocampo,2019-2020,1254313.0,1203144.246,11148.95,146395.55,0.0,146395.55,0.0,0.0,112.505034,11.6713,12.16774717468083,95.9205753268921,2019
melchor ocampo,2020-2021,1163278.47,1115724.013,11518.0,140351.85,0.0,140351.85,0.0,0.0,100.996567,12.0651,12.579441543309331,95.91203153618068,2020
melchor ocampo,2021-2022,1126009.54,1078487.265,11327.55,133749.75,0.0,133749.75,0.0,0.0,99.404508,11.8782,12.40160680061438,95.77958504685492,2021
melchor ocampo,2022-2023,1118751.12,1071880.913,11857.85,133364.75,0.0,133364.75,0.0,0.0,94.346877,11.9208,12.442123782831088,95.81048848469531,2022
melchor ocampo,2023-2024,969967.95,928853.597,11021.16,113684.452,0.0,113684.452,0.0,0.0,88.009606,11.7204,12.239221807093891,95.76126685422956,2023
melchor ocampo,2024-2025,1080154.59,1034058.688,11205.11,127930.559,0.0,127930.559,0.0,0.0,96.398392,11.8437,12.371692292188353,95.73247177517432,2024
pablo machado (la margarita),2015-2016,1123351.308,1088378.203,19076.73,132650.11,0.0,132650.11,0.0,0.0,0.0,0.0,12.18786903618282,96.88671702690536,2015
panuco,2015-2016,1574887.68,1492688.925,21487.125,181127.2,0.0,114263.25,0.0,66863.95,0.0,0.0,12.134289801875498,94.78065921501145,2015
panuco,2016-2017,1830380.692,1727910.659,22835.15,201928.15,0.0,128295.4,0.0,73632.75,0.0,0.0,11.686261031392828,94.4017092483622,2016
panuco,2017-2018,1822708.76,1714463.429,24288.63,207989.15,0.0,114240.85,0.0,0.0,75.043703,11.4109,12.131442787398178,94.0612930943504,2017
panuco,2018-2019,1736578.329,0.0,25428.52,197698.45,0.0,74176.45,0.0,0.0,68.292544,11.3843,0.0,0.0,2018
panuco,2019-2020,1586528.99,0.0,26413.793,151400.0,0.0,96495.85,0.0,0.0,60.064413,9.5428,0.0,0.0,2019
panuco,2020-2021,2045976.89,1920275.516,30967.92,230175.3,0.0,155537.4,0.0,0.0,66.067623,11.2501,11.986576826197474,93.85616843404327,2020
panuco,2021-2022,2592932.639,2410684.039,35669.89,290756.26,0.0,142135.65,0.0,0.0,72.692476,11.2134,12.061151743494827,92.97133302813887,2021
panuco,2022-2023,1866578.558,1738155.369,41171.45,193846.75,0.0,73332.61,0.0,0.0,45.336721,10.3851,11.152440884011677,93.11986155366519,2022
panuco,2023-2024,1546101.32,1431924.697,29308.65,138765.44,0.0,112003.49,0.0,0.0,52.752389,8.9751,9.690833623494658,92.61519141578638,2023
panuco,2024-2025,1994054.82,1825030.71,30104.17,199250.642,0.0,152669.302,0.0,0.0,66.238491,9.9922,10.917659681463661,91.52359763108218,2024
pedernales,2015-2016,382214.14,373820.717,4170.5,45583.95,0.0,45583.95,0.0,0.0,0.0,0.0,12.194067350205206,97.8039998729508,2015
pedernales,2016-2017,341633.75,334801.088,4086.3,39836.55,0.0,39836.55,0.0,0.0,0.0,0.0,11.898572444304603,98.00000380524465,2016
pedernales,2017-2018,328132.5,320979.211,3902.5,39363.75,0.0,39363.75,0.0,0.0,84.082639,11.9962,12.263644700653215,97.81999984762253,2017
pedernales,2018-2019,343079.87,336158.191,3865.66,40655.9,0.0,40655.9,0.0,0.0,88.750658,11.8502,12.094276173683955,97.98248757643519,2018
pedernales,2019-2020,306984.38,300781.508,3663.2,36026.75,0.0,36026.75,0.0,0.0,83.802243,11.7356,11.977714401245706,97.97941771499904,2019
pedernales,2020-2021,278103.71,272491.115,3564.3,31769.35,0.0,31769.35,0.0,0.0,78.024776,11.4235,11.658857207142331,97.98183382738762,2020
pedernales,2021-2022,263764.7,258489.582,3272.0,31405.15,0.0,31405.15,0.0,0.0,80.612683,11.9065,12.149483842640901,98.00006672613885,2021
pedernales,2022-2023,252894.23,247836.298,3187.6,29369.25,0.0,29369.25,0.0,0.0,79.336877,11.6132,11.850261740110401,97.99998125698637,2022
pedernales,2023-2024,262093.74,256852.212,3079.9,28410.2,0.0,28410.2,0.0,0.0,85.098133,10.8397,11.060913113724713,98.00013231907027,2023
pedernales,2024-2025,243934.86,239056.165,3079.3,27361.075,0.0,27361.075,0.0,0.0,79.217633,11.2165,11.445458852734461,98.00000090188013,2024
plan de ayala,2015-2016,1238217.56,1180134.56,18321.32,125550.8,125550.8,0.0,0.0,0.0,0.0,0.0,10.638685134346035,95.30914421856528,2015
plan de ayala,2016-2017,1192796.225,1130965.027,19010.32,132856.1,132856.1,0.0,0.0,0.0,0.0,0.0,11.74714485667292,94.81628154884544,2016
plan de ayala,2017-2018,1073513.34,1019012.951,18976.42,127895.8,127895.8,0.0,0.0,0.0,56.570909,11.9137,12.550949413792093,94.92317543068444,2017
plan de ayala,2018-2019,1098570.0,1044458.455,20391.77,127761.75,127761.75,0.0,0.0,0.0,53.873204,11.6298,12.232343889638004,95.07436531126828,2018
plan de ayala,2019-2020,521238.43,494950.971,14105.51,51491.15,51491.15,0.0,0.0,0.0,36.952824,9.8786,10.403282954666635,94.95673045442948,2019
plan de ayala,2020-2021,1253994.01,1195318.14,20126.19,147526.985,147526.985,0.0,0.0,0.0,62.306577,11.7645,12.342068614469449,95.32088115795703,2020
plan de ayala,2021-2022,1355858.87,1289510.083,23711.56,162972.65,162972.65,0.0,0.0,0.0,57.181344,12.0198,12.638338555744353,95.1065123024198,2021
plan de ayala,2022-2023,907315.81,855412.855,24246.24,98187.55,98187.55,0.0,0.0,0.0,37.420887,10.8217,11.478381395145156,94.27950506009589,2022
plan de ayala,2023-2024,735303.88,696466.774,22201.08,73168.425,73168.425,0.0,0.0,0.0,33.120185,9.9507,10.505659096954997,94.71822370908745,2023
plan de ayala,2024-2025,700493.74,664913.21,14622.515,78653.525,78653.525,0.0,0.0,0.0,47.905147,11.2282,11.82914158074856,94.92064982622114,2024
plan de san luis,2015-2016,1230729.74,1169077.669,21889.75,149028.6,148865.15,163.45,0.0,0.0,0.0,0.0,12.747536280243498,94.99060849866194,2015
plan de san luis,2016-2017,1333592.83,1274744.181,20999.0,157135.7,157135.7,0.0,0.0,0.0,0.0,0.0,12.326841914016942,95.58721015319196,2016
plan de san luis,2017-2018,1335810.84,1278763.31,22469.82,167413.05,162838.6,4574.45,0.0,0.0,59.449111,12.5326,13.091793351499895,95.72937063454283,2017
plan de san luis,2018-2019,1292748.85,0.0,23594.78,153091.2,153091.2,0.0,0.0,0.0,54.789612,11.8423,0.0,0.0,2018
plan de san luis,2019-2020,661146.41,627692.401,16737.25,74692.2,74692.2,0.0,0.0,0.0,39.501495,11.2973,11.899490878176172,94.9399999010809,2019
plan de san luis,2020-2021,1167864.4,1111573.58,21147.45,142055.075,142055.075,0.0,0.0,0.0,55.224833,12.1636,12.779637583685643,95.18002089968665,2020
plan de san luis,2021-2022,1431692.25,1360861.733,24900.0,176187.6,176187.6,0.0,0.0,0.0,57.49768,12.3062,12.94676716433175,95.05267161989596,2021
plan de san luis,2022-2023,1213271.65,1148251.899,25545.95,147585.35,147585.35,0.0,0.0,0.0,47.493698,12.1642,12.853046455096697,94.64095687062333,2022
plan de san luis,2023-2024,801488.22,752033.474,20555.2,83133.9,83133.9,0.0,0.0,0.0,38.991993,10.3724,11.054547819237099,93.82963532514552,2023
plan de san luis,2024-2025,1076729.1,1008273.443,22010.79,129556.175,129556.175,0.0,0.0,0.0,48.918239,12.0323,12.849309470506407,93.64225811302025,2024
presidente benito juarez,2015-2016,1163568.454,1082962.8,22710.205,118689.3,62933.35,20865.05,34890.9,0.0,0.0,0.0,10.959683933741768,93.07254732431927,2015
presidente benito juarez,2016-2017,1405353.151,1327536.51,23763.283,146949.35,96915.85,7568.85,42464.65,0.0,0.0,0.0,11.069326447375824,94.46284082085499,2016
presidente benito juarez,2017-2018,1575189.46,1498441.937,24997.96,161405.75,61765.55,34693.5,44845.3,0.0,63.01272,10.2467,10.771571858376253,95.12772749253922,2017
presidente benito juarez,2018-2019,1320537.551,1261705.87,21874.081,121284.05,52180.6,20983.02,33396.95,0.0,60.369967,9.1844,9.612703949772381,95.54486875776848,2018
presidente benito juarez,2019-2020,1400786.149,1319392.93,23275.203,131989.6,65237.75,38669.6,28082.25,0.0,60.183627,9.4225,10.003812889917487,94.18946146361417,2019
presidente benito juarez,2020-2021,1372384.363,1293483.085,26211.8,142280.15,75659.6,34210.25,32410.3,0.0,52.357501,10.3673,10.999768891450174,94.25078861817373,2020
presidente benito juarez,2021-2022,1577481.994,1489249.647,26089.85,158193.95,80061.65,32627.15,45505.15,0.0,60.463436,10.0282,10.622392982846884,94.40676043621453,2021
presidente benito juarez,2022-2023,1165025.259,1106491.772,26879.241,116508.45,84416.1,13605.9,18486.45,0.0,43.342937,10.0005,10.529536047919205,94.97577528488591,2022
presidente benito juarez-santos,2023-2024,1441815.117,1367922.726,26668.11,141679.234,105125.075,16682.159,19872.0,0.0,54.06514,9.8264,10.357254200629457,94.87504395475138,2023
presidente benito juarez-santos,2024-2025,1396649.28,1301582.25,25078.6,94107.375,13763.225,52477.05,27867.1,0.0,55.690879,6.738,7.230228823418574,93.19320667247256,2024
puga,2015-2016,1716164.377,1671445.0,19287.0,198511.45,166028.15,0.0,32483.3,0.0,0.0,0.0,11.876636682630897,97.39422530852357,2015
puga,2016-2017,1368912.27,1331745.0,18938.8,160413.25,129711.85,0.0,30701.4,0.0,0.0,0.0,12.045342764568293,97.2849048975213,2016
puga,2017-2018,1089386.355,1058613.0,17919.5,124107.1,70831.5,0.0,35456.2,0.0,60.793345,11.3923,11.723557145056787,97.17516610532542,2017
puga,2018-2019,1139380.0,1102794.0,15003.6,135318.8,82045.65,34024.6,19248.55,0.0,75.94044,11.8765,12.270541914446396,96.78895539679475,2018
puga,2019-2020,1144680.0,1105191.427,14971.0,124970.0,79127.75,12449.9,33392.35,0.0,76.459822,10.9174,11.307543376374744,96.55025221022468,2019
puga,2020-2021,1167572.448,1138522.112,17359.09,136328.35,77625.9,3000.45,55702.0,0.0,67.260003,11.6762,11.974150397528687,97.5119029187643,2020
puga,2021-2022,973879.42,942994.884,16183.77,116843.4,78756.75,162.7,37923.95,0.0,60.176301,11.9977,12.390671676220887,96.82871047834648,2021
puga,2023-2024,176912.14,170808.391,2554.28,19150.845,0.0,19150.845,0.0,0.0,69.261059,10.825,11.211887711066842,96.54984163325365,2023
puga,2024-2025,389513.89,375708.046,6150.95,43498.6645,43498.6645,0.0,0.0,0.0,63.325809,11.1674,11.577783591038665,96.45562216022641,2024
pujiltic (cia. la fe),2015-2016,1546229.88,1523036.743,17176.7,185331.35,0.0,185331.35,0.0,0.0,0.0,0.0,12.168540966053373,98.50002012637346,2015
queseria,2015-2016,1425200.105,1376350.569,17793.73,162548.6,0.0,130694.65,31853.95,0.0,0.0,0.0,11.810116089689357,96.57244369905516,2015
queseria,2016-2017,1151563.11,1116362.964,15850.39,127523.3,0.0,55714.15,71809.15,0.0,0.0,0.0,11.423103785445896,96.94327252285807,2016
queseria,2017-2018,956204.591,928368.081,15225.77,107686.7,0.0,90541.45,17145.25,0.0,62.801723,11.2618,11.599569416906741,97.08885417806992,2017
queseria,2018-2019,1201081.728,1168594.838,14839.161,137923.3,0.0,130975.6,6947.7,0.0,80.940002,11.4832,11.80249095024669,97.2951973839369,2018
queseria,2019-2020,1293150.0,1256316.152,15841.614,153431.2,0.0,152526.2,905.0,0.0,81.629939,11.8649,12.212785751082185,97.15161829640799,2019
queseria,2020-2021,1036519.84,1008278.409,15793.81,125057.65,0.0,124993.15,64.5,0.0,65.628232,12.0651,12.40308717153141,97.27536030569371,2020
queseria,2021-2022,1060914.885,1032156.479,15975.75,129295.4,0.0,129295.4,0.0,0.0,66.407829,12.1871,12.526724642107293,97.28928244795057,2021
queseria,2022-2023,1045103.3,1017177.425,15428.5,128410.15,0.0,128410.15,0.0,0.0,67.73849,12.2868,12.624164363459009,97.32793160255068,2022
queseria,2023-2024,952613.47,926537.473,15304.21,112787.2,0.0,112787.2,0.0,0.0,62.24519,11.8397,12.172977703191073,97.2626886117829,2023
queseria,2024-2025,902698.12,877628.499,14961.28,106883.925,0.0,106883.925,0.0,0.0,60.335621,11.8404,12.178720850768544,97.22281231736696,2024
san cristobal,2016-2017,2467069.73,2377497.616,44284.15,258154.758,16863.328,130049.8,0.0,111241.63,0.0,0.0,10.85825517816208,96.36929135359298,2016
san cristobal,2017-2018,2473794.14,2380434.182,46397.79,264734.29,0.0,93127.9,0.0,0.0,53.317068,10.7015,11.121260650759718,96.2260417513965,2017
san cristobal,2018-2019,2763904.995,0.0,46507.13,301546.94,0.0,149453.16,0.0,0.0,59.429704,10.9101,0.0,0.0,2018
san cristobal,2019-2020,2350116.33,2263784.902,48725.75,237570.75,0.0,99179.405,0.0,0.0,48.231506,10.1088,10.4944047373985,96.32650405863099,2019
san cristobal,2020-2021,2325671.015,2242409.772,45961.88,238922.005,0.0,107135.25,0.0,0.0,50.599997,10.2732,10.65469870776143,96.41990451517064,2020
san cristobal,2021-2022,2753532.51,2637722.49,47299.91,287122.547,0.0,143839.317,0.0,0.0,58.214328,10.4274,10.885244679397642,95.79412919297621,2021
san cristobal,2022-2023,2365267.79,2267616.554,45104.267,239023.223,0.0,110954.035,0.0,0.0,52.44,10.1055,10.540724911289388,95.8714511560655,2022
san cristobal,2023-2024,2519314.959,2408887.161,43776.107,223266.89,0.0,188240.339,0.0,0.0,57.55,8.8622,9.268466103962934,95.61675297463273,2023
san cristobal,2024-2025,2409152.031,2297399.556,45064.572,234707.911,0.0,132119.02,0.0,0.0,53.46,9.7423,10.216242550714586,95.36133570808258,2024
san cristobal zcmx,2015-2016,2646308.288,2550192.658,53825.12,285303.546,243699.415,41604.131,0.0,0.0,0.0,0.0,11.187529110986876,96.36793526907474,2015
san francisco ameca,2015-2016,1161086.59,1118701.11,13330.0,134022.0,0.0,4917.0,129105.0,0.0,0.0,0.0,11.980143650702196,96.34949879147257,2015
san francisco ameca,2016-2017,1106601.59,1067334.216,13592.78,127650.0,0.0,13801.5,113848.5,0.0,0.0,0.0,11.959702789102753,96.45153464852693,2016
san francisco ameca,2017-2018,1067935.0,1030594.155,12796.51,121368.0,0.0,10351.5,111016.5,0.0,83.455176,11.3647,11.776507698124874,96.50345339369906,2017
san francisco ameca,2018-2019,1188236.87,1146881.697,13314.85,133690.5,0.0,19909.5,113781.0,0.0,89.241476,11.2511,11.65686926120681,96.51961876927786,2018
san francisco ameca,2019-2020,1182575.0,1139659.216,12157.43,134073.0,0.0,20908.5,113164.5,0.0,97.271791,11.3373,11.764306216956,96.37098839397078,2019
san francisco ameca,2020-2021,1032385.68,997424.051,12517.84,117079.5,0.0,38394.0,78685.5,0.0,82.473148,11.3406,11.738186970989736,96.61351085381192,2020
san francisco ameca,2021-2022,1102620.36,1064980.463,12652.13,129291.0,0.0,86163.0,43128.0,0.0,87.14899,11.7257,12.14022270754088,96.58632305683163,2021
san francisco ameca,2022-2023,1020818.84,986221.501,12403.96,120225.0,0.0,69796.5,50428.5,0.0,82.297817,11.7773,12.190466328111416,96.61082479629785,2022
san francisco ameca,2023-2024,997414.91,963315.227,11481.54,110094.0,0.0,72087.0,38007.0,0.0,86.871178,11.0379,11.42865771393023,96.58119377822413,2023
san francisco ameca,2024-2025,994448.27,960613.921,11651.11,115621.5,0.0,91825.5,23796.0,0.0,85.352234,11.6266,12.036209081754501,96.59767631754238,2024
san jose de abajo,2015-2016,512983.625,494559.786,9090.89,54931.95,0.0,54931.95,0.0,0.0,0.0,0.0,11.107241541874979,96.40849374090645,2015
san jose de abajo,2016-2017,590107.308,590107.308,10090.07,63987.25,0.0,63987.25,0.0,0.0,0.0,0.0,10.84332444837304,100.0,2016
san jose de abajo,2017-2018,605075.749,605075.749,10444.71,61660.25,0.0,61387.45,0.0,0.0,57.931311,10.1905,10.19050095825275,100.0,2017
san jose de abajo,2018-2019,669512.2,0.0,11727.677,68584.85,0.0,68584.85,0.0,0.0,57.088219,10.244,0.0,0.0,2018
san jose de abajo,2019-2020,588645.285,0.0,11900.561,58105.642,0.0,58105.642,0.0,0.0,49.463658,9.871,0.0,0.0,2019
san jose de abajo,2020-2021,709053.67,690122.515,12419.07,74417.9,0.0,74417.9,0.0,0.0,57.093942,10.4953,10.783288239770005,97.33008151555015,2020
san jose de abajo,2021-2022,752343.963,731050.383,12588.819,82057.25,0.0,82057.25,0.0,0.0,59.76287,10.9068,11.224568361931903,97.16970148665898,2021
san jose de abajo,2022-2023,724739.63,694950.03,14303.7,78637.575,0.0,78637.575,0.0,0.0,50.667983,10.8504,11.31557257433315,95.88961348781217,2022
san jose de abajo,2023-2024,855138.04,811464.903,14701.736,71545.575,0.0,71545.575,0.0,0.0,58.165786,8.3665,8.816841583104178,94.8928553102374,2023
san jose de abajo,2024-2025,746889.049,707289.851,12181.164,71528.725,0.0,71528.725,0.0,0.0,61.31508,9.5768,10.113071027227281,94.69811506099617,2024
san miguel del naranjo,2015-2016,1755783.512,1681812.785,28021.89,202847.55,90715.75,112131.8,0.0,0.0,0.0,0.0,12.06124437923095,95.78702462493564,2015
san miguel del naranjo,2016-2017,1844169.596,1754586.999,30375.05,213153.6,100034.3,113119.3,0.0,0.0,0.0,0.0,12.14836312599396,95.14238835764866,2016
san miguel del naranjo,2017-2018,1727909.56,1657345.06,29967.46,207369.0,63922.0,143447.0,0.0,0.0,57.659526,12.0011,12.512119835805343,95.91619251183494,2017
san miguel del naranjo,2018-2019,1675930.818,1609875.649,30733.35,208205.65,70192.1,138013.55,0.0,0.0,54.531341,12.4232,12.933026853926902,96.05859810616599,2018
san miguel del naranjo,2019-2020,948183.59,907834.856,27122.24,104383.75,32805.6,71533.15,45.0,0.0,34.959634,11.0088,11.498098944991378,95.74462852705562,2019
san miguel del naranjo,2020-2021,1705267.39,1605055.466,38238.66,203781.05,80248.1,123532.95,0.0,0.0,44.595375,11.95,12.696199870765087,94.12338941167462,2020
san miguel del naranjo,2021-2022,1517878.958,1424698.076,32433.31,178961.45,40280.45,138681.0,0.0,0.0,46.800001,11.7902,12.561359702432842,93.86111247481959,2021
san miguel del naranjo,2022-2023,893389.761,849276.272,22807.73,100382.8,33436.75,66946.05,0.0,0.0,39.170481,11.2361,11.819805086936421,95.06223476854913,2022
san miguel del naranjo,2023-2024,444759.744,420525.891,14294.56,40141.5,0.0,40141.5,0.0,0.0,31.113916,9.0254,9.545547815033343,94.55124855004863,2023
san miguel del naranjo,2024-2025,789256.99,742828.391,18302.81,92306.85,0.0,92306.85,0.0,0.0,43.122175,11.6954,12.426403072146446,94.11742948263276,2024
san miguelito,2015-2016,485673.86,474476.235,5931.079,50698.0,0.0,50698.0,0.0,0.0,0.0,0.0,10.68504516353701,97.69441472514086,2015
san nicolas,2016-2017,956182.92,895307.291,13576.265,102137.45,99167.15,1660.25,0.0,1310.05,0.0,0.0,11.408088711744893,93.63347454480781,2016
san nicolas,2017-2018,1142771.21,1079081.408,16646.85,114932.8,107125.2,5888.95,0.0,1918.65,68.647894,10.0573,10.650985101580028,94.42672326335558,2017
san nicolas,2018-2019,1087868.22,1014985.476,15314.0,115608.05,93427.5,20139.95,0.0,2040.6,71.037496,10.627,11.390118650328352,93.30040691877184,2018
san nicolas,2019-2020,976013.01,910893.22,15875.915,91540.0941,73866.3,14231.5441,0.0,3303.65,61.477591,9.3789,10.04948682129833,93.32797930634142,2019
san nicolas,2020-2021,993004.863,923991.224,15490.17,98400.345,81564.429,5190.096,0.0,2697.9,64.105485,9.9093,10.649489134108919,93.05002003801869,2020
san nicolas,2021-2022,997821.216,924408.742,14170.01,98972.9853,84611.3203,6842.525,0.0,1583.65,70.41782,9.9189,10.706625846686336,92.64272268189575,2021
san nicolas,2022-2023,954627.76,880828.389,14615.72,93049.7927,83998.1927,7437.85,0.0,1613.75,65.315137,9.7472,10.563895744282148,92.26930390124,2022
san nicolas,2023-2024,943317.11,865024.078,15036.51,88090.6,82803.0,2047.425,0.0,3240.175,62.73511,9.3383,10.183600923996478,91.70024256212209,2023
san nicolas,2024-2025,870354.67,789727.007,14100.94,80217.8369,71212.7109,9005.126,0.0,0.0,61.723166,9.2166,10.157666660626182,90.73622905935576,2024
san nicolas,2015-2016,1014906.63,967566.319,14980.541,106197.5,96073.7,6989.85,0.0,3133.95,0.0,0.0,10.97573343703792,95.33550086277394,2015
san pedro,2015-2016,1202882.376,1144556.583,18736.06,123636.93,0.0,123636.93,0.0,0.0,0.0,0.0,10.802168441156045,95.15116405695848,2015
san pedro,2016-2017,1238529.198,1180809.659,19147.63,125409.52,0.0,125409.52,0.0,0.0,0.0,0.0,10.620638054926344,95.33967070835257,2016
san pedro,2017-2018,1255537.888,1195145.581,18119.31,125955.05,0.0,125955.05,0.0,0.0,69.292809,10.0319,10.538887647027162,95.18992556280388,2017
san pedro,2018-2019,1236364.0,0.0,18206.546,125279.99,0.0,125279.99,0.0,0.0,67.907663,10.1329,0.0,0.0,2018
san pedro,2019-2020,1011539.248,964422.662,18474.58,97102.25,0.0,97102.25,0.0,0.0,54.75303,9.5994,10.068433045593448,95.3420901766137,2019
san pedro,2020-2021,1110382.765,1058026.455,18130.14,104372.3,0.0,104372.3,0.0,0.0,61.245129,9.3996,9.864810043903864,95.28484125922111,2020
san pedro,2021-2022,1228052.835,1165509.076,18902.73,118135.605,0.0,118135.605,0.0,0.0,64.966956,9.6197,10.135966114089703,94.90707914045082,2021
san pedro,2022-2023,1090163.074,1030348.27,18288.12,100433.0,0.0,100433.0,0.0,0.0,59.61045,9.2126,9.747480820247313,94.51322417475313,2022
san pedro,2023-2024,1075580.037,1012866.561,17979.55,96502.57,0.0,96502.57,0.0,0.0,59.822411,8.9721,9.527668669871312,94.16933432727889,2023
san pedro,2024-2025,1151908.464,1081561.42,18165.0,92438.834,0.0,92438.834,0.0,0.0,63.413623,8.0248,8.546794688738066,93.89300051188789,2024
san rafael de pucte,2015-2016,1335436.91,1260626.038,30090.21,129959.9,0.0,129959.9,0.0,0.0,0.0,0.0,10.309155616536616,94.39802274148616,2015
san rafael de pucte,2016-2017,1379426.74,1299546.18,29526.79,138632.4,0.0,138632.4,0.0,0.0,0.0,0.0,10.667754800371927,94.20914806972641,2016
san rafael de pucte,2017-2018,1631360.96,1513904.76,30130.39,161054.15,0.0,64676.9,0.0,0.0,54.143373,9.8723,10.638327737340623,92.80010967039448,2017
san rafael de pucte,2018-2019,1736304.92,1618285.69,30081.5,179176.7,0.0,103387.1,0.0,0.0,57.720024,10.3194,11.07200669864417,93.20285114437158,2018
san rafael de pucte,2019-2020,903276.15,832644.44,32230.75,75687.5,0.0,18607.5,0.0,0.0,28.025291,8.3792,9.090014460434038,92.18049651814674,2019
san rafael de pucte,2020-2021,1794603.35,1654746.491,33114.0,173560.5,0.0,84441.0,0.0,0.0,54.194701,9.6712,10.48864590098714,92.20680943229041,2020
san rafael de pucte,2021-2022,1774069.07,1639526.698,32673.14,183691.9,0.0,109311.8,0.0,0.0,54.297477,10.3542,11.203959058677066,92.41617058348241,2021
san rafael de pucte,2022-2023,1650013.08,1515818.31,35514.68,150818.2,0.0,128610.4,0.0,0.0,46.460029,9.1404,9.94962252435122,91.86704810849136,2022
san rafael de pucte,2023-2024,1536533.45,1406278.562,30438.09,133123.5,0.0,108331.8,0.0,0.0,50.480613,8.6638,9.46636773091902,91.52280817576734,2023
san rafael de pucte,2024-2025,1201657.9,1097140.967,31290.72,81252.1,0.0,53336.8,0.0,0.0,38.403012,6.7616,7.405803123200667,91.30227221907333,2024
santa clara,2015-2016,674320.41,655423.97,6824.9,75216.9,0.0,75216.9,0.0,0.0,0.0,0.0,11.47606792592587,97.19770605786647,2015
santa clara,2016-2017,513104.41,497599.97,6074.0,55061.85,0.0,55061.85,0.0,0.0,0.0,0.0,11.065484991890173,96.97830700772967,2016
santa clara,2017-2018,485471.32,469122.555,6016.0,52536.2,0.0,52536.2,0.0,0.0,80.696695,10.8216,11.19882202210465,96.63239323797748,2017
santa clara,2018-2019,531938.31,513953.05,6174.0,57574.1,0.0,57574.1,0.0,0.0,86.157808,10.8234,11.202210007314871,96.61891996461017,2018
santa clara,2019-2020,550519.1,531644.55,6306.6,59827.3,0.0,59827.3,0.0,0.0,87.292534,10.8674,11.253251820224621,96.57149951745545,2019
santa clara,2020-2021,480797.55,467153.72,6022.0,50832.15,0.0,50832.15,0.0,0.0,79.840177,10.5724,10.881246969412981,97.16225051479567,2020
santa clara,2021-2022,462261.68,449119.73,6117.7,53429.8,0.0,53429.8,0.0,0.0,75.561351,11.5583,11.896560411630103,97.15703235448805,2021
santa clara,2022-2023,432415.95,420696.72,6778.24,49449.0,0.0,49449.0,0.0,0.0,63.794723,11.4355,11.75407310045108,97.28982476247695,2022
santa clara,2023-2024,429203.85,416297.87,5661.74,48838.7,0.0,48838.7,0.0,0.0,75.807764,11.3789,11.731671843528769,96.99304188440993,2023
santa clara,2024-2025,383035.78,365522.75,5398.37,44555.625,0.0,44555.625,0.0,0.0,70.953969,11.6322,12.189562756353743,95.42783444408246,2024
santa rosalia,2015-2016,664399.95,640169.771,11778.34,70193.45,0.0,70193.45,0.0,0.0,0.0,0.0,10.964817956079342,96.35307332578817,2015
santa rosalia,2016-2017,770704.35,740036.869,12055.36,83201.95,0.0,83201.95,0.0,0.0,0.0,0.0,11.242946599732182,96.02085014830914,2016
santa rosalia,2017-2018,823264.34,788849.029,12268.91,89550.8,0.0,4752.8,0.0,0.0,67.101669,10.8775,11.352083441557992,95.81965240957723,2017
santa rosalia,2018-2019,690993.0,666915.457,10317.08,68195.4,0.0,58.2,0.0,0.0,66.975636,9.8691,10.225493993911133,96.5155156419819,2018
santa rosalia,2019-2020,667568.0,642492.842,9992.05,63387.95,0.0,0.0,0.0,0.0,66.809913,9.4953,9.865938708777087,96.24380467607794,2019
santa rosalia,2020-2021,685065.99,662841.602,12113.11,71980.25,0.0,0.0,0.0,0.0,56.555747,10.507,10.859344039784636,96.75587632076144,2020
santa rosalia,2021-2022,818777.97,785573.864,12017.79,81415.03,0.0,168.65,0.0,0.0,68.130494,9.9434,10.363765106116107,95.94467520908017,2021
santa rosalia,2022-2023,611322.42,591194.676,12069.23,62672.52,0.0,249.2,0.0,0.0,50.651319,10.2519,10.6009953310202,96.70750763565974,2022
santa rosalia,2023-2024,733058.853,704918.968,12143.01,76127.5,0.0,28887.0,0.0,0.0,60.368792,10.3849,10.799468230510149,96.16130616459522,2023
santa rosalia,2024-2025,746876.39,713696.195,12438.27,69179.6,0.0,43507.5,0.0,4906.5,60.046645,9.2625,9.693144013469206,95.55747169889786,2024
serapio,2024-2025,124118.862,116671.752,2439.68,11230.5,0.0,11230.5,0.0,0.0,50.875058,9.0481,9.625723285615871,94.00001749935477,2024
tala,2016-2017,1813128.61,1745117.183,20936.1,210831.5,18350.4,192481.1,0.0,0.0,0.0,0.0,12.081223086553036,96.24894634473833,2016
tala,2017-2018,1671083.52,1612990.324,20835.01,186667.5,60317.65,126349.85,0.0,0.0,80.205554,11.1704,11.572760060772689,96.52362103361536,2017
tala,2018-2019,1958263.89,0.0,21255.704,222262.75,78194.0,144068.75,0.0,0.0,92.128865,11.3499,0.0,0.0,2018
tala,2019-2020,1919856.63,1850920.687,19035.27,215105.6,95909.25,119196.35,0.0,0.0,100.857861,11.2042,11.621546050611514,96.40931817913925,2019
tala,2020-2021,1719066.78,1658833.881,20632.72,184850.7,86056.9,95096.2,3697.6,0.0,83.317506,10.7529,11.14341237644398,96.49618620400541,2020
tala,2021-2022,1744410.99,1682760.974,20045.4,200872.7,82429.7,115945.75,2497.25,0.0,87.023007,11.5152,11.937090478305805,96.46585487288176,2021
tala,2022-2023,1875331.046,1811777.771,25525.21,212124.6,102092.1,108195.0,1837.5,0.0,73.469759,11.3113,11.708091543860762,96.61109033866012,2022
tala,2023-2024,1702570.464,1646044.167,21494.19,187626.625,84882.75,99229.375,3514.5,0.0,79.210729,11.0201,11.398638551841483,96.67994375591377,2023
tala,2024-2025,1585088.865,1522761.517,20736.6,178843.225,72957.975,102622.75,3262.5,0.0,76.439187,11.2828,11.744664085834,96.06789566337658,2024
tamazula,2016-2017,1045183.06,1007514.211,11375.13,120072.75,74059.2,46013.55,0.0,0.0,0.0,0.0,11.917722716865976,96.39595680014178,2016
tamazula,2017-2018,1357620.05,1315210.244,13279.69,165964.25,107072.05,57426.95,1465.25,0.0,102.232811,12.2246,12.618837996216218,96.8761653159144,2017
tamazula,2018-2019,1322242.8,1271142.339,12099.51,161590.75,98767.75,61808.3,1014.7,0.0,109.280689,12.2209,12.712246696709235,96.13531939822246,2018
tamazula,2019-2020,1431529.53,1382253.556,13112.42,167203.1,141643.9,22704.4,2854.8,0.0,109.173556,11.68,12.096413083852466,96.55780946411913,2019
tamazula,2020-2021,1291735.75,1243357.346,14129.69,154119.0,117299.4,36819.6,0.0,0.0,91.419963,11.9311,12.395390632935547,96.25477548329833,2020
tamazula,2021-2022,1318121.78,1258010.273,13870.46,163208.372,111304.272,51904.1,0.0,0.0,95.030862,12.3818,12.973532530127438,95.43960900183289,2021
tamazula,2023-2024,1226534.356,1175380.533,12489.49,147638.0,144479.0,3159.0,0.0,0.0,98.205319,12.037,12.560868234151704,95.8294015369595,2023
tamazula,2024-2025,1040310.93,999049.4,11458.44,122956.225,67138.85,55817.375,0.0,0.0,90.789926,11.8191,12.307321840141238,96.03373099232938,2024
tamazula ,2015-2016,1156945.56,1118943.104,10529.74,141376.3,117783.85,23592.45,0.0,0.0,0.0,0.0,12.634806854308115,96.71527707837869,2015
tamazula-saenz,2022-2023,1402488.223,1337366.653,13742.23,176127.9,107108.55,69019.35,0.0,0.0,102.056814,12.5582,13.16975412875051,95.35671181176114,2022
tres valles,2015-2016,2329986.608,2229897.296,36225.34,271013.5,271013.5,0.0,0.0,0.0,0.0,0.0,12.153631491734854,95.70429668323656,2015
tres valles,2016-2017,2280323.41,2175180.66,37599.88,249536.85,249536.85,0.0,0.0,0.0,0.0,0.0,11.472005732158358,95.38912991293634,2016
tres valles,2017-2018,2386116.98,2284686.26,38917.85,275351.2,275351.2,0.0,0.0,0.0,61.311634,11.5397,12.052035538568873,95.74913045545654,2017
tres valles,2018-2019,2295822.0,2207555.147,33926.7,272332.6,272332.6,0.0,0.0,0.0,67.670065,11.862,12.33638943833823,96.15532680669494,2018
tres valles,2019-2020,2408782.0,0.0,41056.76,257301.4,257301.4,0.0,0.0,0.0,58.669558,10.6818,0.0,0.0,2019
tres valles,2020-2021,2135791.18,2060920.043,41494.82,235237.8,235237.8,0.0,0.0,0.0,51.471272,11.014,11.414212831739635,96.494454247161,2020
tres valles,2021-2022,2466047.46,2378777.269,39508.969,277357.65,277357.65,0.0,0.0,0.0,62.417408,11.247,11.659672959486315,96.46113092243569,2021
tres valles,2022-2023,2295507.765,2212224.85,39758.49,246479.438,246479.438,0.0,0.0,0.0,57.736291,10.7374,11.141699181256373,96.3719175221348,2022
tres valles,2023-2024,2371965.83,2280088.215,39967.888,230025.118,230025.118,0.0,0.0,0.0,59.346789,9.6976,10.088430635566441,96.12652029645805,2023
tres valles,2024-2025,2202414.03,2111695.164,40152.351,226013.88,226013.88,0.0,0.0,0.0,54.851433,10.262,10.70295958683173,95.88093497570028,2024
